<?xml version="1.0" encoding="UTF-8" standalone="yes"?>
<addon id="plugin.video.seedr" name="Seedr Torrent Cloud" version="1.0.0" provider-name="Seedr.cc">
    <requires>
        <import addon="xbmc.python" version="3.0.0" />
        <import addon="script.module.simplejson" version="3.17.0" />
        <import addon="script.module.requests" version="2.22.0" />
    </requires>
    <extension point="xbmc.python.pluginsource" library="addon.py">
        <provides>video audio</provides>
    </extension>
    <extension point="xbmc.addon.metadata">
        <platform>all</platform>
        <summary lang="en_GB">Download Torrents to the cloud -- Stream them through Kodi, your phone, your PC, your lawnmower :-) www.seedr.cc Account required</summary>
        <description lang="en_GB">Seedr Torrent Cloud is a Kodi add-on that allows you to stream torrents directly from your Seedr.cc cloud storage without having to download them first.</description>
        <language>en_GB</language>
        <license>GPL-3.0</license>
        <forum>https://github.com/jose987654/kodi-repository</forum>
        <website>https://www.seedr.cc/</website>
        <email>admin@seedr.cc</email>
        <source>https://github.com/jose987654/kodi-repository</source>
        <news>https://www.facebook.com/seedrcc/</news>
        <disclaimer>This plugin and all it's content, unless otherwise specified, is property of Seedr.cc</disclaimer>
        <assets>
            <icon>icon.png</icon>
            <fanart>fanart.jpg</fanart>
        </assets>
    </extension>
</addon> 